{"cameraMode":{"drawMode":0,"name":"Shaded","section":"Shading Mode"},"sceneLighting":false,"audioPlay":false,"sceneViewState":{"showFog":true,"showMaterialUpdate":true,"showSkybox":true,"showFlares":true,"showImageEffects":true,"showParticleSystems":true},"in2DMode":false,"pivot":{"x":4.678191184997559,"y":0.017530765384435655,"z":-3.5089213848114015},"rotation":{"x":-0.0031570633873343469,"y":-0.9118300080299377,"z":0.410493940114975,"w":-0.007133730687201023},"size":17.866315841674806,"orthographic":false}