{"cameraMode":{"drawMode":0,"name":"Shaded","section":"Shading Mode"},"sceneLighting":false,"audioPlay":false,"sceneViewState":{"showFog":true,"showMaterialUpdate":true,"showSkybox":true,"showFlares":true,"showImageEffects":true,"showParticleSystems":true},"in2DMode":false,"pivot":{"x":-25.092777252197267,"y":-5.2664923667907719,"z":-0.41487833857536318},"rotation":{"x":-0.08475135266780853,"y":-0.8701270818710327,"z":0.45799753069877627,"w":-0.16104170680046082},"size":94.5397720336914,"orthographic":false}