{"cameraMode":{"drawMode":0,"name":"Shaded","section":"Shading Mode"},"sceneLighting":false,"audioPlay":false,"sceneViewState":{"showFog":true,"showMaterialUpdate":true,"showSkybox":true,"showFlares":true,"showImageEffects":true,"showParticleSystems":true},"in2DMode":false,"pivot":{"x":-5.08154296875,"y":-0.4341464638710022,"z":-3.090620994567871},"rotation":{"x":-0.003589515807107091,"y":-0.8848766088485718,"z":0.46576011180877688,"w":-0.006926075555384159},"size":30.564250946044923,"orthographic":false}