{"cameraMode":{"drawMode":0,"name":"Shaded","section":"Shading Mode"},"sceneLighting":false,"audioPlay":false,"sceneViewState":{"showFog":true,"showMaterialUpdate":true,"showSkybox":true,"showFlares":true,"showImageEffects":true,"showParticleSystems":true},"in2DMode":false,"pivot":{"x":-18.078102111816408,"y":-6.464874267578125,"z":22.247577667236329},"rotation":{"x":0.1413407176733017,"y":-0.6995496153831482,"z":0.6854435205459595,"w":0.14429260790348054},"size":64.341064453125,"orthographic":false}